slug,original_title,proposed_seo_title,proposed_len,keyword_used
comodo-chrome-guide,"Comodo Chrome Review: I Tested the Secure Browser Against Chrome, Brave, and Firefox","Comodo Chrome Review",20,"comodo chrome review"
anti-captcha-chrome,"Anti Captcha Chrome: Does Automated Captcha Solving Actually Work in 2026?","Anti Captcha Chrome",19,"anti captcha chrome"
chromecast-mac-guide,"Chromecast on Mac: Setup, Troubleshooting & Best Streaming Extensions (2026)","Chromecast on Mac",17,"chromecast extension mac"
download-stories-instagram-extension-5,"Unlock the Power of Instagram Stories: How to Download Stories with the Best Instagram Extension","Unlock the Power of Instagram Stories",37,"download stories instagram extension"
extension-chrome-cookie-editor-4,"Mastering Online Privacy: The Ultimate Guide to Extension Chrome Cookie Editor","Extension Chrome Cookie Editor",30,"extension chrome cookie editor"
extension-ad-block-plus-mkzmr7fzdm9,"Unlocking a Faster Browsing Experience: The Power of Extension Ad Block Plus","The Power of Extension Ad Block Plus",36,"extension ad block plus"
unlocking-ad-free-browsing-adblock-chrome-for-android,"Unlocking Ad-Free Browsing: The Ultimate Guide to Adblock Chrome for Android","Adblock Chrome for Android",26,"adblock chrome for android"
unlocking-the-power-of-ad-blocking-adblock-in-chrome-mobile,"Unlocking the Power of Ad Blocking: A Comprehensive Guide to Adblock in Chrome Mobile","Adblock in Chrome Mobile",24,"adblock in chrome mobile"
unlocking-the-power-of-google-chat-extension-boosting-productivity-and-streamlining-communication-mm3umi0wby8,"Unlocking the Power of Google Chat Extension: Boosting Productivity and Streamlining Communication","Unlocking the Power of Google Chat Extension",44,"google chat extension"
unlock-the-power-of-music-youtube-mp3-download-extension,"Unlock the Power of Music: The Ultimate Guide to YouTube MP3 Download Extension","YouTube MP3 Download Extension",30,"youtube mp3 download extension"
unlock-the-power-of-youtube-audio-youtube-audio-downloader-chrome,"Unlock the Power of YouTube Audio: The Ultimate Guide to YouTube Audio Downloader Chrome","Unlock the Power of YouTube Audio",33,"youtube audio downloader chrome"
boosting-performance-the-best-chrome-extensions-for-slow-computers-mmdrqpehunv,"Boosting Performance: The Best Chrome Extensions for Slow Computers","The Best Chrome Extensions for Slow Computers",45,"chrome extensions for slow computers"
mastering-the-art-of-browser-productivity,"Mastering the Art of Browser Productivity: A Comprehensive Guide on How to Manage Chrome Extensions","How to Manage Chrome Extensions",31,"how to manage chrome extensions"
unlocking-the-full-potential-of-your-browser-a-comprehensive-guide-to-chrome-extension-manager-tools-mmdrxzd24au,"Unlocking the Full Potential of Your Browser: A Comprehensive Guide to Chrome Extension Manager Tools","Chrome Extension Manager Tools",30,"chrome extension manager tools"
unlocking-the-power-of-social-media-the-best-social-media-chrome-extensions-for-a-seamless-experienc-mmdsjecdo4o,"Unlocking the Power of Social Media: The Best Social Media Chrome Extensions for a Seamless Experience","Unlocking the Power of Social Media",35,"best social media chrome extensions"
boost-your-online-presence,"Boost Your Online Presence: The Ultimate Guide to Chrome Extensions for Social Media Marketing","Chrome Extensions for Social Media Marketing",44,"chrome extension for social media marketing"
mastering-the-art-of-file-management-download-manager,"Mastering the Art of File Management: The Ultimate Guide to Download Manager","Download Manager",16,"Download Manager"
streamlining-your-workflow-the-best-chrome-extension-for-bulk-downloads-mmdupgkigzv,"Streamlining Your Workflow: The Best Chrome Extension for Bulk Downloads","The Best Chrome Extension for Bulk Downloads",44,"chrome extension for bulk downloads"
unlock-the-power-of-music-youtube-audio-downloader-chrome-extension,"Unlock the Power of Music: The Ultimate Guide to YouTube Audio Downloader Chrome Extension","YouTube Audio Downloader Chrome Extension",41,"youtube audio downloader chrome extension"
protect-your-online-privacy,"Protect Your Online Privacy: The Best Chrome Extension to Block Trackers","The Best Chrome Extension to Block Trackers",43,"chrome extension to block trackers"
protecting-your-online-privacy,"Protecting Your Online Privacy: The Best Chrome Extension to Detect Trackers","The Best Chrome Extension to Detect Trackers",44,"chrome extension to detect trackers"
mastering-the-art-of-web-development-inspect-element-android-chrome,"Mastering the Art of Web Development: A Comprehensive Guide to Inspect Element Android Chrome","Inspect Element Android Chrome",30,"inspect element android chrome"
unlocking-peak-performance-browser-optimization-extensions,"Unlocking Peak Performance: The Ultimate Guide to Browser Optimization Extensions","Browser Optimization Extensions",31,"browser optimization extensions"
unlocking-efficient-browsing-extensions-boosting-productivity-and-streamlining-your-online-experienc-mmtizywhjd8,"Unlocking Efficient Browsing Extensions: Boosting Productivity and Streamlining Your Online Experience","Unlocking Efficient Browsing Extensions",39,"efficient browsing extensions"
unlock-faster-browsing-the-ultimate-guide-to-chrome-performance-booster-tools-mmtizynrlkk,"Unlock Faster Browsing: The Ultimate Guide to Chrome Performance Booster Tools","Chrome Performance Booster Tools",32,"chrome performance booster tools"
boosting-your-browsing-experience,"Unlock the Power of a Popup Blocker Free: Boosting Your Browsing Experience","Unlock the Power of a Popup Blocker Free",40,"popup blocker free"
unlock-the-power-of-a-seamless-browsing-experience-the-ultimate-guide-to-chrome-pop-up-blocker-mm3scphqdyd,"Unlock the Power of a Seamless Browsing Experience: The Ultimate Guide to Chrome Pop Up Blocker","Chrome Pop Up Blocker",21,"chrome pop up blocker"
unlocking-ad-free-browsing-on-the-go-chrome-mobile-adblock,"Unlocking Ad-Free Browsing on-the-Go: The Ultimate Guide to Chrome Mobile Adblock","Chrome Mobile Adblock",21,"chrome mobile adblock"
unlock-the-full-potential-of-kiwi-browser-discover-the-best-extensions-for-enhanced-browsing-mmthoxikuuo,"Unlock the Full Potential of Kiwi Browser: Discover the Best Extensions for Enhanced Browsing","Unlock the Full Potential of Kiwi Browser",41,"best extensions for kiwi browser"
unlocking-ad-free-browsing-adblock-on-chrome-android,"Unlocking Ad-Free Browsing: The Ultimate Guide to Adblock on Chrome Android","Adblock on Chrome Android",25,"adblock on chrome android"
unlocking-ad-free-browsing-adblock-in-chrome-android,"Unlocking Ad-Free Browsing: The Ultimate Guide to Adblock in Chrome Android","Adblock in Chrome Android",25,"adblock in chrome android"
unlocking-the-full-potential-of-chrome-on-mobile-a-step-by-step-guide-on-how-to-use-chrome-extension-mmthovaloyu,"Unlocking the Full Potential of Chrome on Mobile: A Step-by-Step Guide on How to Use Chrome Extensions on Mobile","How to Use Chrome Extensions on Mobile",38,"how to use chrome extensions on mobile"
optimize-your-browser-the-best-ram-saver-extensions-for-chrome,"Optimize Your Browser: The Best RAM Saver Extensions for Chrome","The Best RAM Saver Extensions for Chrome",40,"best ram saver extensions for chrome"
kiwi-browser-extensions-guide-unlocking-the-full-potential-of-your-mobile-browser-mmthoutft7f,"Kiwi Browser Extensions Guide: Unlocking the Full Potential of Your Mobile Browser","Kiwi Browser Extensions Guide",29,"kiwi browser extensions guide"
unlocking-ad-free-browsing-ad-block-chrome-android,"Unlocking Ad-Free Browsing: A Comprehensive Guide to Ad Block Chrome Android","Ad Block Chrome Android",23,"ad block chrome android"
unlocking-ad-free-browsing-adblock-chrome-android,"Unlocking Ad-Free Browsing: The Ultimate Guide to Adblock Chrome Android","Adblock Chrome Android",22,"adblock chrome android"
top-extensions-for-a-safe-online-experience,"Unlocking the Power of Secure Browsing: Top Extensions for a Safe Online Experience","Unlocking the Power of Secure Browsing",38,"secure browsing extensions"
stop-trackers-chrome-protect-your-online-privacy-with-effective-solutions-mm3scn1bz3l,"Stop Trackers Chrome: Protect Your Online Privacy with Effective Solutions","Stop Trackers Chrome",20,"stop trackers chrome"
quick-screenshot-lite-review,"Quick Screenshot Lite Review: Is It the Best Chrome Screenshot Addon in 2026?","Quick Screenshot Lite Review",28,"quick screenshot lite review"
unlocking-online-privacy-ghostery-for-chrome-android,"Unlocking Online Privacy: A Comprehensive Guide to Ghostery for Chrome Android","Ghostery for Chrome Android",27,"ghostery for chrome android"
unlocking-the-power-of-online-privacy-ghostery-add-on-chrome,"Unlocking the Power of Online Privacy: A Comprehensive Guide to Ghostery Add On Chrome","Ghostery Add On Chrome",22,"ghostery add on chrome"
ghostery-chrome-extension-winner,"Unlocking the Power of Online Privacy: A Comprehensive Guide to Ghostery Plugin Chrome","Ghostery Plugin Chrome",22,"ghostery plugin chrome"
protab-suspender-memory-saver-review,"ProTab Suspender Review: Best Chrome Memory Saver Extension Tested","Best Chrome Memory Saver Extension Tested",41,"chrome memory saver extension"
screenshot-tool-chrome-guide-1,"Mastering the Art of Capturing Screenshots: The Ultimate Screenshot Tool Chrome Guide","The Ultimate Screenshot Tool Chrome Guide",41,"screenshot tool chrome guide"
best-screenshot-extensions-for-chrome-1,"Best Screenshot Extensions for Chrome: Capture Web Pages Like a Pro","Best Screenshot Extensions for Chrome",37,"Best Screenshot Extensions for Chrome"
the-ultimate-guide-to-youtube-to-mp4-converter-chrome-extensions-efficiency-safety-and-workflow-opti-mliju7fx72b,"The Ultimate Guide to YouTube to MP4 Converter Chrome Extensions: Efficiency, Safety, and Workflow Optimization","YouTube to MP4 Converter Chrome Extensions",42,"YouTube to MP4 converter Chrome extension"
maximizing-your-media-experience,"Maximizing Your Media Experience: The Ultimate Guide to YouTube to MP3 Converter for Chrome Browser","YouTube to MP3 Converter for Chrome Browser",43,"YouTube to MP3 converter for Chrome browser"